institution,type,ds_program,usnews_rank,public_private,size,land_grant,access_earnings,admitted,women,international,white,hispanic,black,asian,undergrad_enrollment_ft,graduation,endowment_per_fte,equity_ratio,core_expenses,endowment,fte_staff,average_salary,retention,pell,awarded_aid
American University,0,0,88,2,3,2,5,62,63,8,52,12,7,6,7760,75,84371,65,597978000,1032022000,2880.32,123494,88,16,83
Arizona State University Campus Immersion,0,0,117,1,5,2,6,90,48,8,43,26,4,9,62219,68,16915,33,2933424180,1592168000,13626.66,114196,87,32,93
Auburn University,0,1,102,1,4,1,5,46,50,2,83,4,4,3,24936,82,38248,43,1279424921,1185728863,6613.33,110439,95,12,85
Baylor University,0,0,88,2,4,2,5,51,60,3,60,17,5,9,15317,80,99079,76,943151000,2103057000,3825.33,107983,91,10,99
Binghamton University,0,1,73,1,4,2,5,39,52,4,52,13,5,18,14845,82,11728,44,575266265,221028373,2830.32,99601,89,28,79
Boston College,0,0,36,2,3,2,5,16,53,9,57,11,5,11,10131,91,277609,75,901168403,3908450339,4027.67,163290,96,13,53
Boston University,0,0,42,2,5,2,5,11,58,22,31,11,5,18,19159,89,94523,70,2306980000,3528624000,10512,150038,95,21,54
Brandeis University,0,1,69,2,3,2,5,40,57,20,42,8,6,17,3873,86,202775,81,376733529,1264908273,1628.64,131134,87,15,65
Brigham Young University,0,0,110,2,5,2,5,68,52,3,80,8,0,2,32272,81,87738,92,1180392784,3079786298,5041.67,129413,91,12,68
Brown University,0,1,13,2,3,2,5,5,52,13,33,11,8,19,7430,96,595848,83,1274338000,6718785000,5502.35,160855,99,15,63
California Institute of Technology,0,0,11,2,2,2,5,3,43,12,20,19,4,35,1044,94,1715554,66,937651861,4228841000,3203.33,215315,97,21,70
Carnegie Mellon University,0,0,20,2,3,2,5,12,49,20,22,11,4,33,7126,94,214622,82,1357716394,3231995579,5962.34,130272,98,18,58
Case Western Reserve University,0,0,51,2,3,2,5,37,48,14,35,12,6,27,6190,87,200105,73,1138662352,2396658000,4702.34,121016,92,18,90
Clemson University,0,0,75,1,4,1,5,38,52,1,75,9,6,3,22991,87,40220,29,1145414439,1124156325,6244.34,109516,93,15,86
Colorado School of Mines,0,1,80,1,3,2,5,61,32,3,67,13,1,6,5759,82,54188,16,358897958,386363861,1454.66,126001,86,20,79
Colorado State University-Fort Collins,0,0,151,1,4,1,3,89,55,3,69,16,3,3,23150,67,22379,37,1402252483,643276118,7999.66,106952,98,21,57
Columbia University in the City of New York,0,0,15,2,4,2,5,4,49,20,29,15,7,17,8751,96,438220,80,5932193000,14782492000,21287.67,193642,98,17,56
Cornell University,0,1,12,2,4,1,5,9,54,11,31,14,7,25,16121,95,345193,83,2913802086,10177681427,12341.67,163558,98,14,60
Dartmouth College,0,0,13,2,3,2,5,5,49,14,47,10,6,14,4967,96,1178367,86,1080808450,8273315722,4273.01,181089,90,31,100
Drexel University,0,0,80,2,4,2,5,79,49,9,42,9,10,23,13275,78,53299,50,999143000,1069294000,4384.01,113386,98,17,58
Duke University,0,0,7,2,3,2,5,6,53,10,36,11,9,23,6558,97,715575,74,3454829000,11889994000,18440.32,172945,83,37,77
East Carolina University,0,1,192,1,4,2,5,89,58,1,62,10,17,3,17920,63,13675,34,665223339,320106984,5364.01,86484,96,18,52
Emory University,0,0,24,2,3,2,5,11,57,17,31,12,9,25,7516,91,765717,66,2655914000,12396185000,14190,150101,84,33,91
Florida Atlantic University,0,0,183,1,4,2,6,66,57,3,40,29,18,4,19087,63,14369,65,665121771,398118994,3371.34,96727,92,47,91
Florida International University,0,0,97,1,5,2,6,55,56,7,9,67,12,3,29376,74,7132,49,1243499206,337735286,5859.69,106417,96,21,94
Florida State University,0,1,51,1,5,2,5,24,57,2,58,23,8,4,29352,86,24547,67,1672487912,1029931070,7769.32,117911,86,29,79
George Mason University,0,0,117,1,5,2,6,87,50,5,33,17,12,23,23814,68,6161,57,1086383271,206791506,5129,130338,92,17,80
George Washington University,0,0,59,2,4,2,5,47,64,9,47,13,8,14,10809,84,116333,47,1734559000,2639708000,5549.33,151751,97,8,44
Georgetown University,0,1,24,2,4,2,5,13,57,15,44,6,5,14,7356,95,206718,44,1692716000,3638443000,6385.66,163399,98,12,73
Georgia Institute of Technology-Main Campus,0,0,32,1,5,2,5,14,39,9,35,8,8,33,18050,94,81014,38,2552406230,3166993332,10253.33,139771,80,53,94
Georgia State University,0,0,198,1,5,2,4,55,60,4,17,14,43,16,22298,53,7867,32,830594852,259886368,5183.33,94128,98,20,72
Harvard University,0,1,3,2,4,2,5,4,53,19,29,11,7,19,7544,98,1742218,84,5737940000,53235205000,19791,223353,91,40,100
Howard University,0,1,88,2,3,2,6,41,71,4,0,6,63,3,9515,70,77457,50,733188000,1032497000,3030.33,104419,91,18,82
Indiana University-Bloomington,0,0,73,1,5,2,5,78,52,4,66,9,6,9,36540,80,42736,65,1668644980,2087993958,9217.33,108244,72,45,91
Indiana University-Indianapolis,0,0,192,1,4,2,4,76,60,3,58,14,12,7,15169,54,99721,81,1391395626,2452144361,9309.34,86258,88,18,89
Iowa State University,0,0,117,1,4,1,3,89,45,4,76,7,3,4,24694,75,55218,73,1177960245,1559640740,6539.99,114501,98,21,66
Johns Hopkins University,0,1,7,2,4,2,5,6,57,20,22,16,8,25,5751,94,455064,79,8293259000,13063073000,20047.34,171360,86,21,95
Kansas State University,0,0,158,1,4,1,3,82,51,2,78,9,3,2,13976,71,59303,62,834388584,1019065645,4786.01,97526,81,35,97
Kent State University at Kent,0,1,232,1,4,2,4,86,63,4,74,4,9,3,18029,64,8149,40,506995112,202182612,3309.66,96063,94,19,71
Lehigh University,0,0,46,2,3,2,5,26,48,7,58,11,5,11,5803,88,254549,80,460807000,1872716000,1986.66,136972,85,35,93
Louisiana State University and Agricultural & Mechanical College,0,0,169,1,4,1,5,73,55,2,60,10,19,5,29216,69,20019,1,1203949320,722730548,7099.34,103487,82,32,99
Loyola University Chicago,0,0,132,2,3,2,5,82,68,2,46,20,7,12,11508,73,66060,85,591293514,1054708355,3180.66,104279,99,20,75
Massachusetts Institute of Technology,0,0,2,2,3,1,5,5,49,11,20,14,9,33,4667,96,1945583,84,4367341000,24572716000,14521,221399,90,20,92
Michigan State University,0,0,64,1,5,1,5,85,51,6,67,6,7,8,38315,81,104916,60,2686547985,4986233000,13435.34,122284,89,22,99
Michigan Technological University,0,0,158,1,3,2,5,92,30,1,83,3,1,2,5727,68,24584,66,270394182,169088791,1526.67,106725,83,30,97
Mississippi State University,0,0,208,1,4,1,3,78,51,1,73,4,16,2,17268,67,41465,44,898908746,894682468,5274.34,90000,87,24,99
Missouri University of Science and Technology,0,0,192,1,3,2,5,73,23,3,74,5,3,4,5052,64,46175,75,234753923,282592656,1352.33,114604,79,17,90
Montana State University,0,0,318,1,3,1,3,82,47,1,84,6,1,1,13299,57,20082,55,595462338,312991891,3048.67,87925,90,44,95
New Jersey Institute of Technology,0,0,80,1,3,2,6,65,30,5,27,26,10,19,8347,73,16739,40,524846000,179523000,1837.67,125101,73,46,96
New Mexico State University-Main Campus,0,0,222,1,3,1,4,89,59,3,25,62,3,1,10510,55,7092,10,402956062,88674297,3030.66,91599,96,19,46
New York University,0,0,32,2,5,2,5,9,59,27,22,15,7,20,30163,88,117296,43,9934895000,6651982030,22649.34,164871,94,19,69
North Carolina State University at Raleigh,0,0,59,1,5,1,5,42,50,3,65,9,6,10,25947,85,67504,43,1685455575,2219515999,9930.66,116376,78,22,94
North Dakota State University-Main Campus,0,0,232,1,3,1,3,95,51,1,84,3,4,2,9058,64,45378,67,439588143,486725427,2441.67,95441,97,17,74
Northeastern University,0,0,46,2,4,2,5,5,56,14,41,11,5,21,23184,91,56764,64,1834746234,1852620000,6689.32,146980,75,37,99
Northern Arizona University,0,0,242,1,4,2,5,90,63,2,53,26,3,4,21670,61,9767,30,624209206,283386638,3583.67,88586,98,21,62
Northwestern University,0,0,7,2,4,2,5,8,55,10,34,14,7,21,9032,95,495254,81,3035012000,10981265000,11709.34,182894,76,39,100
Nova Southeastern University,0,1,257,2,4,2,6,73,72,6,28,34,15,12,7041,63,12671,58,716313832,252077000,3936.99,104041,94,19,80
Ohio State University-Main Campus,0,0,40,1,5,1,5,61,50,7,61,6,8,10,43382,88,132976,49,3536303231,7903034629,35878.68,131274,84,24,97
Ohio University-Main Campus,0,0,198,1,4,2,6,85,63,1,80,5,6,2,16465,65,32699,51,600682588,779546455,3711.33,88727,85,30,96
Oklahoma State University-Main Campus,0,0,198,1,4,1,5,75,52,2,66,10,4,2,19919,68,25771,45,762586497,603919302,5376.68,96820,77,43,94
Old Dominion University,0,0,293,1,4,2,4,90,54,1,42,11,31,5,14593,46,17155,56,464537427,319812987,3683.68,94974,88,21,92
Oregon State University,0,0,143,1,4,1,5,77,49,3,63,13,2,8,23620,70,33832,42,1377710196,1038691221,6160.64,103885,93,13,67
Pennsylvania State University-Main Campus,0,0,59,1,5,1,3,61,47,10,62,9,5,7,41761,86,80151,67,3336246614,4750032000,16727,119122,98,22,68
Princeton University,0,1,1,2,3,2,5,5,50,13,35,10,8,23,5678,98,3716273,84,2126077000,33401865000,7810.01,228190,93,13,59
Purdue University-Main Campus,0,0,46,1,5,1,5,50,43,10,56,7,3,13,38296,83,77178,82,2231196401,3971950988,11827.01,130529,91,20,95
Rensselaer Polytechnic Institute,0,1,64,2,3,2,5,63,31,9,43,12,5,21,6215,84,126013,53,436987000,1000295000,1739.66,124774,97,18,64
Rice University,0,1,17,2,3,2,5,8,49,13,27,16,9,29,4595,95,870958,84,951818899,7931811000,3985.34,166082,93,27,69
Rutgers University-New Brunswick,0,0,42,1,5,1,3,58,51,9,31,15,7,32,36945,84,34280,43,2912347774,1720866182,18331.32,131851,88,25,100
Saint Louis University,0,0,102,2,3,2,5,75,58,3,63,8,9,10,7110,80,141173,78,570844395,1879430141,2906.33,102913,91,25,62
San Diego State University,0,0,117,1,4,2,6,36,56,3,33,36,4,13,31353,76,12937,-32,887658608,478618726,3551.66,117223,67,52,98
Southern Illinois University-Carbondale,0,0,301,1,3,2,6,87,51,2,65,10,17,2,7385,62,21095,49,722329787,212993823,4722.34,76588,91,13,71
Southern Methodist University,0,0,88,2,3,2,5,63,51,4,58,17,5,8,7189,84,194318,80,677179000,2163920000,2762.33,134241,98,18,76
Stanford University,0,0,4,2,4,2,5,4,51,14,21,17,8,24,8075,92,1991167,83,5749821000,37631059000,19552.67,226584,90,45,99
Stony Brook University,0,0,59,1,4,2,6,49,52,8,25,13,5,29,17320,76,30158,31,1327155169,786159357,5220.33,126439,90,17,79
Syracuse University,0,0,75,2,4,2,5,46,57,6,56,13,8,8,15485,84,88676,71,1226239770,2074832074,5396,119045,83,38,93
Temple University,0,0,102,1,4,2,6,80,55,4,45,10,17,15,20762,75,34698,66,1243895000,960929000,6535.66,111913,94,22,74
Texas A & M University-College Station,0,1,51,1,5,1,5,57,47,1,54,26,2,12,54353,84,287891,85,4119057536,19114830674,12097.66,132754,85,31,90
Texas Tech University,0,0,198,1,5,2,5,73,50,2,53,30,6,3,30555,69,54396,83,1053058105,2119922328,5691.99,105555,87,27,99
The Catholic University of America,0,1,169,2,3,2,5,83,56,4,56,20,10,3,2926,79,82914,71,244230524,382564811,1367.99,101264,89,20,88
The University of Alabama,0,0,169,1,5,2,5,77,56,1,71,7,12,1,30838,73,42908,56,1194456940,1565891763,6893.32,103324,75,33,91
The University of Montana,0,0,363,1,3,2,4,96,57,1,71,6,1,1,6481,48,34034,41,372896851,287380104,2214.69,84022,92,16,96
The University of Tennessee-Knoxville,0,0,102,1,4,1,5,42,54,1,79,6,4,4,28719,74,33771,73,1444824686,1187949666,9058.65,117140,73,56,92
The University of Texas at Arlington,0,0,222,1,5,2,6,80,61,3,24,38,16,14,23093,54,5742,85,798104579,223230170,4145.32,103522,97,26,65
The University of Texas at Austin,0,0,30,1,5,2,5,27,58,5,32,28,5,25,41040,89,127377,89,3609116028,6177255191,16929.35,142375,90,27,74
The University of Texas at Dallas,0,0,110,1,4,2,5,65,43,4,23,18,6,41,18970,76,32316,89,1183564160,858859362,3775.34,135767,79,70,88
The University of Texas at El Paso,0,1,257,1,4,2,6,100,55,4,4,87,2,1,15631,50,19438,86,515507920,386783155,2777.34,92152,80,54,86
The University of Texas at San Antonio,0,0,213,1,4,2,6,87,52,1,19,61,8,6,24281,53,10660,85,715942738,315034041,3757.02,95290,95,11,45
Tufts University,0,0,36,2,3,2,5,11,56,12,41,10,6,17,6800,94,181592,74,1115639395,2533755000,5031,128631,93,11,65
Tulane University of Louisiana,0,1,69,2,3,2,3,14,61,7,62,11,8,5,7974,86,169780,66,1374788000,2253994000,5759.68,119371,83,49,98
University at Albany,0,0,127,1,3,2,4,69,55,2,39,17,16,9,12053,61,10867,32,904248397,166836576,2542.34,99114,85,39,86
University at Buffalo,0,1,75,1,4,2,3,74,46,12,45,9,9,17,19755,75,34826,47,1294921163,1059489397,5235.34,111964,80,42,95
University of Alabama at Birmingham,0,1,132,1,4,2,4,88,62,3,48,7,27,8,10456,64,43122,49,1799175467,858989211,10077.32,113387,83,28,96
University of Arizona,0,0,127,1,5,1,3,86,55,4,44,26,5,5,35706,68,28080,26,2429315000,1387344636,12141.65,110926,86,20,77
University of Arkansas,0,0,183,1,4,1,5,74,56,1,74,11,4,3,25484,71,56741,60,921355000,1665643378,5721.67,95881,97,27,63
University of California-Berkeley,0,0,15,1,5,1,5,11,56,12,19,22,2,35,32333,93,68533,5,3957282371,3176106000,12622.67,192150,93,33,65
University of California-Davis,0,0,32,1,5,1,5,42,59,13,20,25,2,31,31712,86,19496,5,3478264305,773217000,14134.34,165182,94,31,61
University of California-Irvine,0,0,32,1,4,1,6,29,56,12,13,26,2,38,29623,87,23695,5,2654420102,899356000,9574,173702,97,27,59
University of California-Los Angeles,0,0,17,1,5,1,5,9,61,8,25,23,3,29,33551,93,72644,5,7579399969,3529545000,28569.32,207437,88,48,80
University of California-Riverside,0,0,75,1,4,1,4,76,52,4,11,40,3,35,22816,76,10476,5,1333819602,277082000,4680.34,153881,94,37,66
University of California-San Diego,0,0,29,1,5,1,5,27,54,12,18,25,2,34,33651,86,35348,5,4705952013,1557815000,18294.65,172028,93,28,61
University of California-Santa Barbara,0,0,40,1,4,1,5,33,57,10,32,26,2,18,23449,83,16654,5,1186246221,444044000,5112.65,186097,88,28,64
University of California-Santa Cruz,0,1,88,1,4,1,3,66,51,3,31,28,2,24,17943,75,7743,5,982531458,164952000,4333.34,161983,92,25,92
University of Central Florida,0,0,117,1,5,2,6,40,55,3,43,31,10,7,44837,78,3330,52,1325621058,201916665,5875,104275,99,16,51
University of Chicago,0,0,6,2,4,2,5,4,47,20,27,15,6,17,7837,96,516375,57,3112408256,9124340657,12563.33,179034,85,22,88
University of Cincinnati-Main Campus,0,1,158,1,5,2,3,85,51,5,69,5,9,6,28241,75,51874,45,1434074747,2010746858,8026.33,104920,90,15,67
University of Connecticut,0,0,69,1,4,1,5,52,56,4,51,19,7,11,19370,83,20637,-27,1768557744,622770599,9595.2,132869,92,25,88
University of Dayton,0,0,143,2,3,2,5,65,48,3,77,7,5,2,8021,80,77416,76,511696000,865508000,2968.67,86795,89,17,97
University of Delaware,0,0,88,1,4,1,5,71,59,6,63,10,7,6,18448,81,80314,68,1169712722,1929793265,4931.67,132218,92,17,94
University of Denver,0,1,117,2,3,2,5,78,55,3,65,15,5,4,5900,76,94324,84,551813591,1088971768,2663.67,118036,89,14,99
University of Florida,0,0,30,1,5,1,5,24,55,3,49,24,5,11,33127,91,47454,64,4900183000,2448293000,16905.66,123629,98,21,94
University of Georgia,0,0,46,1,5,1,5,38,57,1,66,8,6,13,31452,90,47273,31,1807120161,2055796714,11611.68,116485,94,14,89
University of Hawaii at Manoa,0,0,169,1,4,1,4,87,60,4,21,14,2,32,12836,64,3331,61,1068727412,56073331,3956.33,130051,81,27,76
University of Houston,0,0,132,1,5,2,6,74,52,5,18,37,12,23,29413,65,33833,62,1133852494,1313224792,5587.34,120147,87,45,83
University of Idaho,0,0,183,1,3,1,4,76,52,4,73,8,1,2,7122,57,44450,39,472585815,432852924,2459.33,92684,76,30,99
University of Illinois Chicago,0,0,84,1,4,2,6,77,53,8,23,36,8,20,20745,62,20404,57,2077986356,680971470,13667.01,132874,80,56,80
University of Illinois Urbana-Champaign,0,0,37,1,5,1,5,42,47,15,38,13,6,22,35194,85,43820,64,2744285012,2606081833,12644.99,131040,95,24,64
University of Iowa,0,0,102,1,4,2,3,84,56,2,74,9,3,5,21101,75,120638,63,1574692000,3505385000,10786.01,115764,90,17,90
University of Kansas,0,0,143,1,4,2,5,93,53,4,68,10,5,6,19009,69,101163,63,1469795635,2547083957,9650.66,103164,86,22,94
University of Kentucky,0,0,143,1,4,1,5,93,58,2,76,6,7,4,22209,71,67991,72,2166806833,2038771493,11555,108250,87,25,97
University of Louisiana at Lafayette,0,1,373,1,3,2,4,87,58,1,58,5,26,2,11586,53,13626,0,341084534,177999227,2134.66,80199,74,53,96
University of Louisville,0,1,158,1,4,2,6,79,57,1,61,8,16,6,12566,61,55139,45,1142505000,1010310000,6263.67,86684,81,40,98
University of Maine,0,0,257,1,3,1,3,97,51,2,80,5,2,2,7541,55,51356,76,446323000,479309000,2324.99,102600,83,29,99
University of Maryland-Baltimore County,0,1,127,1,3,2,4,72,46,5,31,9,24,23,9475,70,16504,65,521327715,194549728,2313,117560,85,29,93
University of Maryland-College Park,0,0,42,1,5,1,5,45,49,4,39,11,13,23,29995,89,31889,65,2321215378,1171369937,10402.99,153599,96,16,67
University of Massachusetts-Amherst,0,0,64,1,4,1,3,60,52,7,57,9,4,13,23586,83,18158,53,1323828981,579704081,6488,132469,92,18,89
University of Massachusetts-Boston,0,1,213,1,3,2,4,84,56,7,30,19,18,15,10601,49,14236,51,513059000,171325000,1866.66,114487,70,49,92
University of Massachusetts-Lowell,0,0,151,1,4,2,4,83,43,2,51,16,9,14,9948,65,15318,43,533725000,210448000,1825,128503,84,37,92
University of Memphis,0,0,273,1,4,2,4,72,60,2,39,11,38,5,12135,51,22720,78,515910306,377603467,2975.33,87855,77,64,95
University of Miami,0,0,64,2,4,2,5,19,55,8,47,25,8,5,13217,84,81973,62,3466203563,1589857455,9617.34,144898,94,14,81
University of Michigan-Ann Arbor,0,0,20,1,5,2,5,16,53,9,48,10,5,18,33359,93,357260,64,4763580000,18894762000,25852,125258,97,20,69
University of Minnesota-Twin Cities,0,0,59,1,5,1,4,80,55,5,58,6,8,12,30050,85,117034,62,3635344381,5512426113,18446,123550,91,24,81
University of Mississippi,0,0,169,1,4,2,3,97,57,2,76,5,11,2,18807,72,38207,23,1131526425,924527426,11762,92104,87,20,83
University of Missouri-Columbia,0,0,102,1,4,1,5,78,54,1,79,6,5,3,22758,75,52680,63,1243288918,1468551585,9991.33,105635,93,20,97
University of Missouri-Kansas City,0,1,232,1,3,2,4,72,60,4,52,15,13,8,6288,55,19880,65,420578943,213276450,2858.34,100069,75,45,98
University of Nebraska-Lincoln,0,0,158,1,4,1,3,87,50,3,75,9,3,4,18895,67,69480,80,978112954,1479930187,6130.99,114978,86,25,96
University of Nevada-Las Vegas,0,1,232,1,4,2,4,96,56,2,23,35,9,15,21169,51,15661,47,958123000,418236000,4959.01,118137,79,50,94
University of Nevada-Reno,0,1,192,1,4,1,3,74,54,1,46,26,4,8,14386,61,30053,44,811561325,560059383,3882.65,120197,80,31,95
University of New Hampshire-Main Campus,0,0,117,1,3,1,3,88,56,1,84,4,1,3,11403,76,38264,80,539721870,525445726,3051.32,110493,87,19,97
University of New Mexico-Main Campus,0,1,242,1,4,2,4,95,58,2,28,50,3,4,13561,55,41303,30,1307102814,821467717,7461.34,103620,76,43,100
University of North Carolina at Chapel Hill,0,0,26,1,4,2,5,15,60,5,54,10,9,15,20239,91,187157,52,2957405288,5728314165,15125.33,136550,97,18,59
University of North Carolina at Charlotte,0,0,143,1,4,2,4,80,49,2,47,15,18,10,21907,69,12802,51,608432589,344668261,3946,106799,85,34,75
University of North Dakota,0,0,242,1,3,2,3,77,44,4,72,6,3,5,7466,60,33679,54,611190080,402798000,2750.99,91483,84,16,95
University of North Texas,0,0,208,1,5,2,4,72,54,4,35,30,16,8,29683,61,8285,80,951618097,327779886,4144.33,99501,77,45,90
University of Notre Dame,0,1,20,2,3,2,5,11,49,8,61,13,5,6,9084,95,1319734,83,1308275000,18245327000,6509.66,154241,99,16,70
University of Oklahoma-Norman Campus,0,1,110,1,4,2,5,77,51,3,55,14,5,7,20302,75,59953,33,911219000,1554332000,6022.33,103798,90,24,99
University of Oregon,0,0,110,1,4,2,3,88,56,2,61,16,3,7,19311,72,70831,54,985124842,1613595472,5114.01,111819,86,23,90
University of Pennsylvania,0,0,7,2,4,2,5,5,55,14,29,10,8,26,10902,97,808244,76,5083196000,22347948000,20276.33,199050,99,20,63
University of Pittsburgh-Pittsburgh Campus,0,0,69,1,4,2,5,58,58,4,64,6,6,13,19958,85,180903,69,2777465383,5757792571,14627.34,110119,92,16,74
University of Rhode Island,0,0,151,1,4,1,5,72,56,1,69,12,6,3,13491,73,19174,59,560262219,317751177,2905.32,99717,84,24,98
University of Rochester,0,0,46,2,3,2,5,40,54,20,38,9,6,16,6683,85,262494,58,1445196000,2989014000,10660,133510,91,20,74
University of South Carolina-Columbia,0,0,127,1,4,2,5,60,57,2,72,6,10,4,28091,79,20516,17,1156494619,776513396,6695.98,111918,92,20,94
University of South Florida,0,0,88,1,5,2,5,43,57,8,45,23,8,8,32517,77,16064,41,1848747824,708333328,9521,103031,91,28,89
University of Southern California,0,0,28,2,5,2,5,10,51,15,27,18,7,25,21387,92,195295,67,4032291000,8092846000,15725.01,163106,96,21,73
University of Southern Mississippi,0,1,318,1,3,2,4,99,63,3,57,5,28,2,8796,49,13436,45,353790408,160371946,2207.67,77827,72,52,97
University of Toledo,0,0,293,1,3,2,3,92,53,7,65,7,11,4,10045,57,27682,22,439919652,388044243,4642.34,91983,77,35,92
University of Utah,0,0,151,1,4,2,5,86,50,6,61,14,1,6,23485,65,49850,68,2829114000,1650635000,15999.34,116673,86,18,79
University of Vermont,0,0,132,1,3,1,3,65,64,1,82,5,1,3,11754,79,64696,46,691586000,896299000,3893,92739,89,14,95
University of Virginia-Main Campus,0,0,27,1,4,2,5,17,55,5,50,7,8,18,17590,96,370474,72,2216122648,10055403543,11162.67,156740,98,16,57
University of Washington-Seattle Campus,0,0,42,1,5,2,5,39,46,11,27,8,3,22,31067,85,103562,55,4411340520,5565903487,21703.01,137062,95,18,56
University of Wisconsin-Madison,0,0,36,1,5,1,5,45,53,12,59,8,3,10,35168,90,131082,71,3821592993,6101887051,19634.01,142066,96,17,60
University of Wisconsin-Milwaukee,0,0,301,1,4,2,4,91,56,2,59,15,9,8,15723,49,13411,59,554757110,260363469,2903.67,90053,73,40,93
University of Wyoming,0,0,222,1,3,1,3,97,54,2,77,9,1,1,7204,59,86034,63,567182000,807426000,3113.99,96968,80,21,94
Utah State University,0,0,242,1,4,1,3,92,55,1,79,7,1,1,18463,59,28022,75,988746492,635292413,3906.67,100084,71,23,92
Vanderbilt University,0,1,17,2,3,2,5,6,52,10,39,12,11,19,7174,94,827497,75,1435086089,10247727490,6685.99,148484,96,24,70
Virginia Commonwealth University,0,0,139,1,4,2,4,93,63,2,41,11,21,14,19256,63,110386,57,1139118679,2885706877,7086.66,111084,85,35,92
Virginia Polytechnic Institute and State University,0,0,51,1,4,1,5,55,43,5,58,10,6,13,30482,86,49592,66,1635945649,1939700000,9218.67,126699,93,15,67
Washington State University,0,0,192,1,4,1,4,87,54,3,58,17,3,7,20345,60,55094,64,1156093147,1383078164,6471.99,100179,78,28,89
Washington University in St Louis,0,0,20,2,3,2,5,12,56,9,41,12,10,20,7678,94,721776,78,4918056000,12006026000,20286.66,154054,95,21,56
Wayne State University,0,1,179,1,4,2,4,81,59,2,54,8,18,13,13192,58,25585,43,942604000,602398000,5220.31,110333,83,56,99
West Virginia University,0,0,222,1,4,1,3,89,51,2,80,4,3,2,17921,65,33583,49,1111289358,861602738,5749.67,105419,83,24,97
William & Mary,0,0,51,1,3,2,5,34,59,4,61,9,6,12,7166,89,154167,65,445233599,1454415648,2756.66,116984,95,11,55
Worcester Polytechnic Institute,0,0,84,2,3,2,5,60,35,7,61,8,3,12,5346,90,95168,63,320793000,682734000,1293,120869,94,14,100
Yale University,0,0,4,2,3,2,5,4,54,15,28,14,8,20,8279,96,2344382,83,5306601905,41441645000,18540.32,204323,99,22,59
Abilene Christian University,1,1,329,2,3,2,3,66,60,4,60,17,7,2,3080,59,156362,76,144461092,821879729,1031,81219,81,24,100
Appalachian State University,1,1,,1,4,2,4,90,56,1,79,9,3,2,18803,75,10510,43,389755722,217201820,3356.99,83449,84,26,69
Arkansas State University,1,0,352,1,3,2,4,82,63,10,64,5,15,1,6164,55,8746,65,216004112,115395232,1688.35,68362,78,44,98
Augusta University,1,0,273,1,3,2,-2,86,64,1,46,10,26,8,4784,49,41777,16,621354834,398304538,4934.34,83947,76,41,93
Azusa Pacific University,1,0,283,2,3,2,6,88,69,4,25,39,7,14,2975,62,15198,53,165485424,96232956,1007.67,93797,84,31,100
Ball State University,1,0,213,1,4,2,6,85,61,1,72,8,10,3,13309,62,14553,65,381156265,260813964,3178.34,75288,78,42,91
Boise State University,1,1,301,1,4,2,3,87,57,1,70,15,2,3,14127,60,8713,58,442541650,165407637,3184.66,88759,79,26,84
Bowling Green State University-Main Campus,1,0,293,1,4,2,3,81,56,3,77,5,6,1,12097,64,15513,43,329286993,236601000,2073.35,94633,82,28,99
California State Polytechnic University-Pomona,1,1,,1,4,2,6,75,45,1,13,54,3,22,21816,68,7983,-30,537872207,187532916,2184.67,116519,87,49,80
California State University-Fresno,1,1,183,1,4,2,6,95,58,3,15,61,3,12,18736,57,11655,-106,517986956,241068519,2053,103909,82,65,88
California State University-Fullerton,1,1,139,1,5,2,4,91,57,1,15,54,2,21,31205,70,4008,-68,772999550,142225508,3160.33,110624,82,54,83
California State University-Long Beach,1,0,127,1,5,2,6,46,58,2,15,51,4,21,30561,69,3874,-111,810557560,132855011,3402.99,110330,87,52,82
California State University-Sacramento,1,1,,1,4,2,6,94,55,2,22,37,6,21,24343,56,3169,-87,680849120,86290912,2620.65,105365,82,57,86
Central Michigan University,1,0,283,1,3,2,6,90,62,3,75,5,9,1,8934,59,20379,76,337133807,265356840,2113.66,96194,75,32,96
Chapman University,1,0,110,2,3,2,5,65,61,3,47,18,2,16,7587,82,81805,76,426840000,804637000,1839.34,123047,92,20,90
Clark Atlanta University,1,1,329,2,3,2,4,64,76,0,0,1,64,0,3559,49,29981,94,121744485,116477562,675.33,76950,71,73,100
Clark University,1,0,132,2,2,2,3,40,57,6,61,12,6,7,2348,77,133786,75,145275000,486846000,775.33,112239,86,27,100
Clarkson University,1,0,143,2,3,2,5,77,33,7,76,7,3,3,2547,75,63925,73,129425425,213957168,632,103472,85,24,100
Cleveland State University,1,0,343,1,3,2,4,91,54,6,57,9,17,4,7858,51,9644,42,320860531,117821388,1773,85327,70,49,90
Creighton University,1,0,117,2,3,2,5,80,57,2,64,10,3,8,4301,83,90682,79,379160000,782588000,2131,97817,94,13,100
CUNY City College,1,1,132,1,3,2,4,60,52,4,14,40,15,23,10651,57,24062,-10,541397718,304811846,1955.66,119075,79,73,90
CUNY Hunter College,1,1,,1,4,2,4,54,64,4,20,31,11,29,14358,57,10056,12,446154336,193943349,2262.67,114536,78,69,89
Delaware State University,1,0,,1,3,1,4,47,65,2,8,9,72,1,4241,39,6918,-6,208346417,37018763,893.32,80493,70,56,92
DePaul University,1,0,169,2,4,2,6,76,55,4,45,24,8,12,13809,68,51936,79,510184000,1025211000,2558.01,114546,86,34,100
Duquesne University,1,0,169,2,3,2,5,84,62,3,75,4,5,3,5248,77,81385,71,272613000,661012000,1727.99,92612,84,23,100
East Tennessee State University,1,1,301,1,3,2,4,86,61,2,72,4,6,2,9047,53,9903,72,452901464,119127440,2540.33,77109,76,43,94
Eastern Michigan University,1,0,373,1,3,2,4,80,59,6,54,10,17,4,8563,46,9936,24,305743007,109425810,1597.33,94431,69,47,94
Embry-Riddle Aeronautical University-Daytona Beach,1,0,,2,3,2,5,65,29,9,42,11,4,4,7392,67,26004,73,282528000,222643000,1834.34,98806,88,20,98
Florida Agricultural and Mechanical University,1,1,169,1,3,1,6,21,66,0,5,5,87,0,7313,53,11290,71,346665996,101700975,1697,83302,89,56,93
Florida Institute of Technology,1,1,232,2,3,2,3,58,33,21,50,15,5,3,3217,64,16405,65,162619731,105961895,1070.67,102007,80,25,99
Fordham University,1,1,97,2,3,2,5,59,60,7,46,19,6,14,10093,82,62713,68,627670000,1024789000,2743.32,146125,89,22,95
Georgia Southern University,1,0,343,1,4,2,4,88,57,1,57,8,25,2,19246,55,5024,23,443531751,119360129,2777.99,84006,78,41,91
Hampton University,1,1,273,2,3,2,6,62,67,1,0,0,97,0,3601,57,62201,79,184799533,241215124,798.34,77381,85,36,82
Hofstra University,1,0,183,2,3,2,5,68,56,4,47,17,9,14,6166,69,91507,76,379694664,925318519,2017.66,134557,84,29,99
Idaho State University,1,1,395,1,3,2,4,,59,2,67,14,1,1,6419,39,10479,68,290756264,100217964,1806.98,80213,72,40,95
Illinois Institute of Technology,1,0,117,2,3,2,6,55,32,20,28,21,6,14,2730,75,34471,59,284941000,263803000,1158.34,114626,86,47,100
Illinois State University,1,0,222,1,4,2,6,88,56,1,66,14,12,3,18375,65,11624,71,486735980,224309967,3368.33,85250,81,39,98
Indiana University of Pennsylvania-Main Campus,1,1,329,1,3,2,6,91,60,4,73,5,10,1,6722,56,12220,-27,183170559,98577436,947.99,106890,75,45,100
Jackson State University,1,1,363,1,3,2,4,93,63,1,2,0,95,0,4524,51,11205,39,194665211,60978291,1090.31,72102,62,80,96
James Madison University,1,1,151,1,4,2,5,72,56,1,74,8,5,5,19807,80,7144,61,443088798,155516395,3551.02,98024,92,14,58
Kean University,1,0,318,1,3,2,4,76,61,7,25,36,20,5,10118,47,6510,44,315748815,77558866,1447.66,95236,76,63,97
Kennesaw State University,1,0,373,1,5,2,-2,69,50,2,43,15,26,6,32224,52,3138,17,615701150,124042454,4139.34,87425,77,44,94
Lamar University,1,1,395,1,4,2,6,86,60,1,38,23,30,5,7016,37,11756,82,250074211,181917130,1422.66,83632,62,56,93
Louisiana Tech University,1,1,318,1,3,2,3,86,47,1,71,5,12,2,8269,64,11529,23,150942092,99176307,1164.32,82541,82,33,97
Loyola Marymount University,1,0,102,2,3,2,5,45,53,10,39,24,8,10,7327,79,77840,81,449154000,720022000,2255.67,123996,89,13,100
Marquette University,1,0,88,2,3,2,5,81,54,5,63,15,6,6,7266,83,90071,76,433067000,996999000,2278.34,100323,91,20,100
Marshall University,1,0,318,1,3,2,4,96,57,1,76,3,5,1,6914,51,22400,66,295836398,226038119,1917.32,77321,72,51,98
Mercer University,1,1,169,2,3,2,6,69,66,2,40,8,34,8,4344,70,55964,69,265908169,481905976,1743,86127,82,36,100
Miami University-Oxford,1,0,143,1,4,2,3,75,51,4,81,5,3,3,16255,80,42992,65,477227774,812500000,2937.34,97507,90,15,98
Middle Tennessee State University,1,0,257,1,4,2,4,69,53,3,64,9,13,5,14836,54,9149,71,428300087,153635992,2317.66,87588,80,41,96
Montclair State University,1,0,158,1,4,2,4,88,59,1,33,38,13,6,17195,65,2967,28,475618000,61568000,2647.99,113237,78,56,92
Morgan State University,1,1,329,1,3,2,4,82,62,7,1,5,71,0,8012,41,11647,64,351794390,106488900,2043,103891,73,64,99
North Carolina A & T State University,1,1,232,1,3,1,4,50,62,0,4,5,84,1,11650,57,15443,64,332305659,201941618,1946.34,95613,78,60,94
Northern Illinois University,1,1,301,1,3,2,4,70,53,1,43,25,21,7,10523,49,8554,18,422462162,114772816,2871.34,99800,70,60,99
Oakland University,1,0,318,1,3,2,3,88,58,2,69,5,10,7,10794,58,10940,58,325826757,151474929,1945.34,94743,78,43,96
Pepperdine University,1,0,39,2,3,2,5,63,59,8,44,19,4,15,3505,83,124238,69,469768000,1319031000,1801.66,128828,88,20,94
Portland State University,1,0,222,1,4,2,4,91,57,3,47,20,5,10,11593,53,8141,54,494552023,123171915,2499.33,107329,76,60,91
Prairie View A & M University,1,1,343,1,3,1,4,79,66,1,1,7,85,1,8572,43,16768,87,271530045,150054853,1309.67,84515,76,70,88
Rochester Institute of Technology,1,0,88,2,3,2,5,67,35,4,52,8,5,11,13185,70,97173,75,628263000,1384518000,3942,103776,89,32,99
Rowan University,1,0,169,1,4,2,4,78,49,2,60,14,12,6,13926,67,24496,8,772440744,434635893,3369.66,97749,82,37,97
Rutgers University-Camden,1,0,97,1,3,2,6,66,59,2,37,22,19,12,3653,67,17634,-36,266009322,88275358,1005,127379,80,55,95
Rutgers University-Newark,1,1,75,1,3,2,6,71,53,2,20,34,19,18,7088,64,26074,20,501904130,250906779,1752.67,148285,84,54,82
Saint Joseph's University,1,0,,2,3,2,5,89,54,2,67,9,7,10,4669,79,68186,59,244971786,454664777,1249.66,102412,89,21,100
Sam Houston State University,1,0,257,1,4,2,4,90,63,1,46,28,17,2,15267,55,9978,85,425463126,190847399,2364.66,73727,73,50,85
San Francisco State University,1,1,208,1,4,2,4,96,55,5,15,38,6,23,17932,50,8399,-52,570423829,175553573,2376.34,118969,83,51,81
San Jose State University,1,0,,1,5,2,4,85,48,4,13,32,4,38,23106,69,6958,-67,700878581,207715718,2830.32,115721,87,37,69
Seton Hall University,1,1,158,2,3,2,6,73,55,1,46,27,10,9,6169,69,39889,60,304920000,369807000,1507.99,105482,81,38,100
South Carolina State University,1,1,,1,2,1,4,83,56,0,2,0,92,0,2710,37,6858,51,121466470,19681117,653.66,73679,56,79,96
South Dakota State University,1,0,257,1,3,1,3,98,57,3,84,3,2,1,8008,62,28070,78,328986035,269079345,1822.34,91715,84,21,97
Southern Connecticut State University,1,0,,1,3,2,4,91,61,1,43,25,19,4,5791,50,5386,86,245635921,40457103,1219,100882,78,55,91
Southern University and A & M College,1,1,395,1,3,1,4,35,67,0,2,1,92,0,5167,27,2024,5,186022584,13402004,1134,69575,60,83,98
Stevens Institute of Technology,1,1,80,2,3,2,5,48,33,3,49,16,3,20,4097,87,44648,60,336811000,374598000,1211.67,158488,94,20,99
SUNY College of Environmental Science and Forestry,1,1,158,1,2,2,3,63,54,2,64,12,7,5,1711,66,23791,-7,121957013,47820260,428.33,88850,87,27,99
Tarleton State University,1,1,73,1,3,2,4,90,62,1,62,25,6,1,11301,48,8521,89,265070600,112156504,1373.67,74603,70,38,97
Tennessee State University,1,0,395,1,3,1,4,70,65,3,5,3,82,1,6123,34,16511,57,275858308,115311043,1344,79675,33,55,75
Tennessee Technological University,1,0,257,1,3,2,6,76,46,2,79,5,5,3,8265,58,11772,81,228233193,105785212,1367.66,84887,78,37,97
Texas A & M University-Commerce,1,0,384,1,3,2,4,92,60,2,40,26,20,2,6859,43,4557,83,195181178,38742427,1127.32,80127,57,68,95
Texas A & M University-Corpus Christi,1,1,95,1,3,2,3,89,60,2,33,54,4,3,6995,40,14342,87,288469649,139062959,1426.33,85343,58,48,83
Texas A & M University-Kingsville,1,1,352,1,3,2,6,91,51,2,15,77,4,1,4268,42,30043,86,182452916,164847431,1033.33,78677,65,67,96
Texas Christian University,1,0,97,2,3,2,5,44,61,5,64,18,4,2,10909,86,209043,74,602553000,2615547000,2673.99,126105,93,16,89
Texas Southern University,1,0,395,1,3,2,4,97,66,1,1,7,86,1,6097,22,13197,50,229528253,102120225,1129.33,78684,66,80,97
Texas State University,1,0,257,1,5,2,4,89,60,1,39,42,9,3,30248,55,12255,83,743802261,411758097,4157.34,82240,80,45,87
Texas Woman's University,1,0,329,1,4,2,4,96,87,1,31,36,17,9,7742,49,9317,48,249974674,133171935,1613.69,85732,70,60,94
The University of Texas Rio Grande Valley,1,0,213,1,5,2,6,94,59,2,2,93,1,1,23744,51,5336,81,720082285,149460403,4302.66,81370,81,76,95
Thomas Jefferson University,1,1,132,2,3,2,-2,81,74,2,45,13,16,16,3517,69,339617,46,747577500,2912558000,5614.35,95958,82,47,100
University of Akron Main Campus,1,0,373,1,3,2,4,60,49,2,70,4,12,4,8855,52,30157,30,283061322,351635016,1797,92303,73,42,97
University of Alabama in Huntsville,1,0,242,1,3,2,5,69,40,1,68,7,10,4,5924,64,15593,39,294828058,113737648,1529.33,96060,84,26,97
University of Alaska Fairbanks,1,1,395,1,3,1,4,,64,2,47,9,4,3,2806,38,35923,62,501512432,159604689,2246.99,94008,74,31,92
University of Arkansas at Little Rock,1,1,384,1,3,2,4,59,63,3,54,3,25,2,3309,42,30521,68,170893006,183220280,998.99,75216,76,60,98
University of Massachusetts-Dartmouth,1,0,242,1,3,2,6,91,53,1,51,12,18,3,4905,52,17589,51,252570000,118359656,1156.67,115158,64,48,99
University of Michigan-Dearborn,1,0,,1,3,2,6,56,48,4,64,7,9,10,5092,58,14227,78,161875000,93185000,935.67,101116,82,51,99
University of Missouri-St Louis,1,0,242,1,3,2,4,63,57,1,69,4,13,5,4872,57,16476,62,245410916,127708077,1380.33,90850,74,51,100
University of Nebraska at Omaha,1,0,301,1,3,2,4,87,55,3,60,17,8,5,10635,47,11150,78,270305550,141759357,1751.33,83762,78,44,94
University of New England,1,0,293,2,3,2,5,92,70,0,69,1,6,9,2199,68,53193,74,180805845,330754456,1164.33,86697,79,21,100
University of New Orleans,1,1,395,1,3,2,4,74,51,8,41,14,22,8,4522,38,5406,-3,155588005,27749072,1159.99,83017,67,57,90
University of North Carolina at Greensboro,1,0,198,1,4,2,4,89,66,2,39,16,30,6,12449,56,27410,61,384781370,428946901,2482,87777,79,60,92
University of North Carolina Wilmington,1,1,198,1,4,2,3,64,64,2,77,9,5,2,13161,71,9892,52,365759880,162149363,2482,90363,88,20,73
University of North Florida,1,0,222,1,3,2,4,53,58,2,57,16,12,6,11765,69,9822,41,311507156,147998667,1981.33,86928,85,35,86
University of Northern Colorado,1,0,343,1,3,2,4,86,67,2,58,28,4,2,5462,51,16623,29,184758796,119815567,1290,81228,76,33,97
University of San Diego,1,1,110,2,3,2,5,52,55,8,44,26,4,7,5824,84,81056,80,356180000,714021000,2116,118808,91,23,87
University of San Francisco,1,0,110,2,3,2,6,62,65,10,23,22,8,26,5795,70,63203,72,389596000,568825000,1590.01,134112,84,29,96
University of South Alabama,1,1,363,1,3,2,3,71,62,1,60,5,23,4,7974,53,52814,33,375142000,710294000,2292.01,70376,76,44,97
University of South Dakota,1,1,283,1,3,2,5,99,64,3,80,5,3,1,4781,60,41723,77,240669266,317638024,1413.65,83294,79,25,95
University of Tulsa,1,0,158,2,3,2,5,62,53,6,48,12,8,7,2466,72,378867,92,198030642,1290043000,1079.66,108739,92,24,100
University of West Florida,1,1,,1,3,2,4,58,59,3,60,12,11,3,7398,59,9434,46,245247344,108127993,1421.01,96008,89,35,91
Villanova University,1,1,57,2,3,2,5,27,54,2,68,11,6,7,7015,92,133969,79,506137021,1313033000,3029.32,124818,95,12,69
Virginia State University,1,1,,1,3,1,4,89,59,1,3,1,91,0,4862,39,20879,73,162971572,95582360,954.68,85715,69,67,92
Wake Forest University,1,1,51,2,3,2,5,22,55,8,63,9,7,5,5456,89,218978,67,2115633000,1997300000,8798.66,114071,93,12,43
West Chester University of Pennsylvania,1,1,242,1,3,2,3,78,59,0,73,8,11,3,13239,71,4397,7,295927586,69403013,1688.68,100929,83,28,88
Western Michigan University,1,0,293,1,4,2,3,85,51,5,68,9,8,3,11558,58,52184,54,378480628,754940001,2466.67,98247,81,30,96
Wichita State University,1,0,273,1,3,2,4,94,57,14,50,16,6,7,9336,51,28358,52,612115520,335902000,2680.67,83361,69,44,92
Wright State University-Main Campus,1,0,395,1,3,2,4,96,54,3,71,4,11,3,5663,42,19286,55,226613754,153809620,1413.29,92983,68,43,96
Yeshiva University,1,1,84,2,3,2,3,56,45,6,61,2,0,0,3125,83,71789,44,293802000,501162000,1489.67,122735,92,14,94
