institution,ds_program,barron_rank,public_private,size,land_grant,admitted,women,international,white,hispanic,black,asian,undergrad_enrollment_ft,graduation,equity_ratio,core_expenses,endowment,fte_staff
Agnes Scott College,1,67,2,2,2,62,100,3,39,13,31,4,923,71,80,50495078,236894913,292.99
Albion College,0,131,2,2,2,81,54,4,52,12,17,1,1366,62,70,54935609,144138966,373.33
Albright College,1,170,2,2,2,76,55,2,44,21,22,3,1299,51,32,50830000,53032000,255.33
Allegheny College,0,76,2,2,2,55,52,6,69,8,8,3,1171,73,85,65897586,270838687,397.66
Amherst College,1,2,2,2,2,9,54,12,36,15,11,15,2049,94,86,235420974,3549576398,1132.66
Aquinas College,0,146,2,2,2,90,55,5,74,9,2,2,1068,65,68,29449005,46683981,249.66
Augustana College,0,96,2,2,2,63,53,18,57,13,4,2,2467,73,90,69698559,222938769,567.66
Austin College,1,84,2,2,2,48,52,1,50,25,7,11,1138,67,87,44555067,191743430,290.32
Bard College,0,70,2,2,2,52,58,22,38,13,14,3,2412,68,43,223179911,167819284,971
Barnard College,1,13,2,2,2,9,96,14,31,20,7,19,3309,93,69,220225000,503444000,1017.99
Bates College,1,24,2,2,2,13,51,9,63,9,4,6,1933,90,77,118639953,446804807,795.66
Beloit College,0,92,2,2,2,63,53,15,50,16,8,3,935,71,85,41382122,84013471,270.32
Bennington College,1,121,2,2,2,45,68,14,62,10,3,2,769,71,60,48260773,48929885,304.33
Berea College,1,45,2,2,2,19,59,8,44,16,19,4,1483,58,95,96878518,1626128100,621.99
Bowdoin College,1,5,2,2,2,7,52,7,53,13,5,11,2008,95,87,188304000,2583406000,999.66
Bridgewater College,0,167,2,2,2,92,49,4,66,8,11,1,1436,53,70,41585329,102625570,304.66
Bryn Mawr College,1,30,2,2,2,29,100,13,50,10,5,11,1448,82,91,142839000,1208946000,701.67
Bucknell University,0,30,2,2,2,29,53,5,74,8,4,5,3861,86,84,250334000,1167275000,1361.33
Carleton College,1,10,2,2,2,20,51,10,51,10,7,10,2080,90,88,163798562,1255379173,724.99
Centenary College of Louisiana,0,143,2,2,2,56,49,3,55,10,23,3,646,56,83,28112705,135148021,198
Central College,0,131,2,2,2,86,47,0,82,5,2,2,1066,66,60,34721870,98924047,355.33
Centre College,0,55,2,2,2,54,52,5,73,8,5,4,1356,81,71,68663218,402704759,470
Claremont McKenna College,0,7,2,2,2,10,50,15,37,15,5,15,1412,91,64,150239000,1319992000,564
Coe College,0,126,2,2,2,64,51,7,62,12,10,2,1278,66,79,34819524,104478883,294.33
Colby College,0,24,2,2,2,7,52,11,55,8,5,10,2469,89,83,187568000,1160160000,844.67
Colgate University,1,22,2,2,2,14,56,9,64,9,5,6,3185,91,77,214342859,1254676903,1075.66
College of Saint Benedict,0,73,2,2,2,92,100,4,79,10,3,3,1395,77,83,53068039,130578580,394.33
College of the Atlantic,1,126,2,1,2,70,72,21,66,6,0,1,354,68,88,25870995,84444621,97.67
College of the Holy Cross,0,27,2,2,2,18,55,3,71,12,4,3,3290,87,84,196798381,1109264540,1174.67
Colorado College,0,30,2,2,2,18,58,5,67,11,3,5,2250,88,87,161098713,989823357,849.66
Concordia College at Moorhead,0,135,2,2,2,63,54,6,75,4,4,3,1726,61,87,56782967,183959431,543.99
Connecticut College,0,50,2,2,2,37,61,6,68,11,4,4,1983,82,78,104058000,482358000,590.01
Cornell College,0,121,2,2,2,80,47,3,71,10,8,3,1097,62,85,40458292,100874798,263.65
Covenant College,1,126,2,2,2,87,53,3,87,3,1,3,862,71,98,27530224,64939767,236.01
CUNY Medgar Evers College,1,176,1,3,2,86,69,2,2,17,71,4,2914,20,-30,138578741,653999,577.33
Davidson College,1,13,2,2,2,13,54,10,62,10,6,6,2080,91,92,143934067,1374503853,922.66
Denison University,0,34,2,2,2,17,53,17,61,7,5,4,2497,79,84,152856000,1039019000,849.33
DePauw University,1,58,2,2,2,57,49,23,57,8,6,2,1806,75,85,94850884,932562848,543.33
Dickinson College,0,45,2,2,2,42,60,15,64,7,4,5,2177,80,83,107011005,627548242,857.67
Dillard University,1,156,2,2,2,42,74,3,1,1,79,0,1083,43,90,46510805,102201663,272.33
Drew University,1,84,2,2,2,68,54,16,53,5,9,4,1596,70,58,77803000,126713000,380.32
Earlham College,0,76,2,2,2,73,53,14,53,7,6,3,657,69,85,54836760,416198021,321.99
Eckerd College,1,135,2,2,2,76,71,4,75,10,3,2,1927,66,77,78182581,94995100,403.99
Emmanuel College,0,135,2,2,2,76,78,1,65,14,7,5,1856,68,37,64448094,173207388,351.65
Fisk University,0,156,2,2,2,37,66,6,0,1,83,1,950,30,75,39493151,41256925,189.66
Franklin and Marshall College,0,35,2,2,2,28,53,17,58,10,5,5,1988,84,77,109111267,467642341,678.32
Franklin College,0,146,2,2,2,70,47,1,80,6,7,2,873,60,81,27454366,99752531,249.67
Furman University,1,45,2,2,2,43,57,5,73,7,7,3,2292,79,81,158193045,827738616,905
Georgetown College,1,180,2,2,2,91,48,4,75,7,9,1,1196,49,89,28030515,32889546,186.67
Gettysburg College,1,58,2,2,2,39,51,11,64,11,5,3,2334,83,84,114548899,425385470,693.33
Gordon College,0,156,2,2,2,69,59,11,59,12,6,3,1312,69,84,44568862,115090366,372.66
Goucher College,0,126,2,2,2,78,66,5,47,7,27,5,967,57,74,57734000,292650000,360.34
Grinnell College,1,13,2,2,2,15,54,18,52,8,5,8,1724,88,91,141965000,2670849000,848.66
Guilford College,1,172,2,2,2,80,51,2,44,14,26,5,1116,46,60,38249816,80734148,240.65
Gustavus Adolphus College,1,70,2,2,2,61,55,5,79,5,2,2,1914,77,84,77912677,313227276,539.33
Hamilton College,0,13,2,2,2,14,56,8,64,9,3,9,2098,91,89,150308000,1361639000,782.01
Hampden-Sydney College,1,107,2,2,2,41,1,1,77,6,8,1,888,62,79,50712307,248839242,322.33
Hampshire College,1,156,2,2,2,75,63,7,59,14,6,3,771,54,61,34959243,27241084,241.67
Hanover College,0,115,2,2,2,84,50,5,78,3,5,1,944,67,87,45796441,163733338,279.32
Hartwick College,0,151,2,2,2,70,59,5,59,11,12,2,1136,53,56,45251866,43787461,295.33
Harvey Mudd College,1,10,2,2,2,13,48,12,22,21,5,23,919,92,89,73320831,454549500,372.67
Haverford College,1,24,2,2,2,12,57,11,49,12,5,12,1468,90,84,105290767,702245110,654.32
Hendrix College,1,96,2,2,2,56,50,2,69,9,7,4,1092,72,73,41609822,219105629,335.67
Hillsdale College,1,50,2,2,2,21,50,0,0,0,0,0,1554,90,85,225394140,1133148253,894.68
Hobart William Smith Colleges,1,73,2,2,2,64,51,8,64,10,7,2,1618,77,82,92318093,184210870,573.66
Hollins University,0,135,2,2,2,68,100,6,60,10,15,2,739,65,99,35198336,303839322,283
Hope College,1,84,2,2,2,79,60,2,78,8,4,3,3214,80,91,106073000,309915000,810.34
Houghton University,0,146,2,2,2,89,64,5,70,2,7,3,742,65,77,25551973,80582293,185.66
Illinois College,1,111,2,2,2,78,54,5,70,10,9,1,948,64,80,36491902,139556008,258.33
Juniata College,0,92,2,2,2,79,53,11,67,7,5,2,1240,74,65,52063971,132688469,327.99
Kalamazoo College,1,67,2,2,2,75,58,5,62,16,5,5,1373,76,87,62489424,304294691,358.99
Kenyon College,1,45,2,2,2,31,59,9,57,6,4,4,1864,82,76,118451476,626603453,658.32
Knox College,0,76,2,2,2,71,52,20,48,13,6,4,1026,68,80,49500216,174514569,410.99
Lafayette College,1,30,2,2,2,31,49,7,68,9,6,4,2753,88,79,170365000,1140250000,899.67
Lake Forest College,0,75,2,2,2,57,57,17,46,18,3,6,1884,78,79,60327627,123504020,348.66
Lawrence University,1,65,2,2,2,64,53,11,61,11,4,5,1457,77,84,77529590,461234427,498.33
Lewis & Clark College,0,96,2,2,2,78,63,5,64,12,3,5,2187,75,71,122153319,326109583,719.33
Linfield University,0,111,2,2,2,85,65,1,60,21,1,6,1629,70,80,61549452,117769708,431.34
Luther College,0,111,2,2,2,72,54,13,73,7,4,2,1455,71,89,55059701,204542420,366.34
Lycoming College,0,96,2,2,2,74,53,3,65,12,11,2,1074,60,83,42841170,191145000,299
Lyon College,0,167,2,2,2,63,41,6,46,8,8,1,587,47,20,33551900,97328611,216.33
Macalester College,0,28,2,2,2,29,58,14,51,11,6,8,2126,87,92,127659000,881667000,652.67
Marymount Manhattan College,1,178,2,2,2,83,83,2,50,20,12,3,1517,49,56,50029584,30340471,410
Maryville College,1,170,2,2,2,61,53,7,71,6,9,1,1061,50,83,28744298,111238733,329.33
Massachusetts College of Liberal Arts,1,115,1,2,2,90,57,1,62,8,6,1,683,56,68,46249872,22979412,293.99
Meredith College,0,115,2,2,2,74,100,2,62,17,9,5,1271,70,74,47911002,138962671,437.67
Middlebury College,1,13,2,3,2,11,53,12,51,10,5,7,4054,91,77,294329919,1597984000,1200.99
Millsaps College,0,146,2,2,2,43,47,4,55,5,27,3,576,57,86,30657017,110471025,228.34
Monmouth College,1,154,2,2,2,91,47,1,69,12,10,2,738,65,87,31497429,141991869,206
Morehouse College,1,96,2,2,2,44,0,0,0,0,98,0,2416,59,95,112356290,263393368,601.34
Mount Holyoke College,0,29,2,2,2,36,100,22,51,9,5,7,2327,84,81,147963371,1101548227,908.33
Muhlenberg College,0,70,2,2,2,72,59,1,71,11,5,4,1776,82,81,79347791,337125542,581.66
New College of Florida,0,135,1,2,2,73,56,6,56,23,6,4,763,67,41,80313090,48987288,351.66
Oberlin College,0,58,2,2,2,34,58,24,46,6,3,4,3077,81,77,170844911,1270465000,898.66
Occidental College,1,35,2,2,2,44,59,4,48,17,4,13,1932,81,87,117534309,654297483,734.99
Oglethorpe University,1,156,2,2,2,88,74,2,27,17,12,2,1433,54,93,35869273,51089713,260.67
Ohio Wesleyan University,0,121,2,2,2,56,57,6,73,5,7,3,1471,59,84,60841078,306030062,379
Ouachita Baptist University,1,151,2,2,2,68,56,2,81,6,6,1,1618,61,77,43295644,140325456,319.33
Pitzer College,1,37,2,2,2,25,59,9,47,12,5,12,1195,83,73,83897948,191881805,375
Pomona College,1,7,2,2,2,7,55,13,30,16,10,18,1743,93,89,191094000,3008965000,875.33
Presbyterian College,0,163,2,2,2,68,49,6,59,8,17,2,904,51,68,40646995,107646357,266.67
Principia College,1,63,2,1,2,44,42,39,40,5,8,1,337,74,94,37086657,592903744,294
Randolph College,1,156,2,2,2,94,59,4,54,9,18,7,538,46,92,29536456,187140000,284.33
Randolph-Macon College,0,96,2,2,2,87,54,1,74,5,9,3,1483,70,83,54216442,217085858,443.67
Reed College,1,63,2,2,2,25,59,8,59,11,1,8,1504,71,84,96641127,790961122,533.34
Rhodes College,0,55,2,2,2,50,59,4,62,7,10,9,1902,85,83,82065992,431583452,510.65
Ripon College,1,143,2,2,2,80,45,1,77,11,5,1,727,63,78,27086127,114037583,180.99
Roanoke College,0,126,2,2,2,83,53,7,75,6,6,2,1883,67,85,59896016,185244775,433.68
Saint Anselm College,0,96,2,2,2,78,58,1,87,5,1,1,2049,80,75,74366784,213587856,512.01
Saint Johns University,0,82,2,2,2,91,0,4,79,8,5,4,1453,75,88,66239903,300875481,414
Saint Mary's College,1,84,2,2,2,76,99,1,74,13,2,1,1430,69,84,60235191,321859342,457.33
Saint Michael's College,0,115,2,2,2,85,55,5,78,6,4,2,1171,73,66,53760282,95450950,328.32
Saint Norbert College,0,111,2,2,2,86,56,2,80,5,1,2,1777,71,92,61658776,188795538,443.66
Saint Vincent College,0,121,2,2,2,62,40,2,79,5,6,1,1269,69,92,50929653,146740767,396.33
Salem College,1,143,2,2,2,77,99,2,40,17,17,2,361,57,81,21202378,60510012,142.99
Sarah Lawrence College,1,109,2,2,2,62,79,7,56,10,4,5,1566,71,63,78357677,148109145,403.33
Scripps College,1,37,2,2,2,38,100,5,54,12,4,13,1076,83,83,87854263,503038388,395.67
Simpson University,0,173,2,2,2,86,56,4,41,23,3,4,728,49,39,25212652,7374442,173.66
Skidmore College,1,37,2,2,2,21,59,9,63,10,4,6,2761,83,84,161253000,488201000,948.32
Smith College,0,13,2,2,2,21,100,13,51,12,5,10,2611,89,83,253895751,2564122544,1310
Southwestern University,1,84,2,2,2,43,55,2,54,28,6,4,1477,73,81,61767033,403727514,418.33
Spelman College,1,37,2,2,2,25,92,1,8,2,74,1,2558,78,93,118636631,549276684,678.33
St Lawrence University,0,58,2,2,2,54,54,10,76,5,2,2,2071,79,75,111898372,416833841,662.66
St Olaf College,0,50,2,2,2,48,58,10,67,9,3,6,3068,84,84,125156224,803770786,731.02
St. John's College,1,84,2,2,2,55,49,15,63,7,2,4,496,71,90,25760121,210047576,166
St. John's College,1,96,2,2,2,53,48,12,63,13,2,2,386,55,82,23364548,112735358,148.66
St. Mary's College of Maryland,1,96,1,2,2,69,60,0,70,8,11,3,1612,70,81,80664083,45029041,448.01
Stonehill College,0,82,2,2,2,66,52,2,75,8,5,2,2505,76,80,84873726,306928702,591
SUNY at Purchase College,1,131,1,2,2,74,58,1,50,24,12,4,3058,63,15,133864382,82417368,753.32
Susquehanna University,0,96,2,2,2,81,57,2,72,7,6,2,2143,82,86,71225778,225341330,448.66
Swarthmore College,1,4,2,2,2,7,52,14,30,15,9,17,1736,92,85,193656000,2728473000,1036
The College of Wooster,0,76,2,2,2,60,53,15,61,6,9,4,1902,74,89,81871233,437822692,516.32
The University of the South,0,45,2,2,2,57,54,4,81,6,4,1,1713,80,88,98299754,499943537,785.01
Thomas Aquinas College,1,55,2,1,2,83,50,7,62,20,0,2,541,84,87,30122135,30834386,140.66
Tougaloo College,1,180,2,2,2,60,60,0,1,2,89,0,568,33,94,31985867,28917674,199.34
Transylvania University,1,109,2,2,2,87,56,1,79,5,5,3,1006,71,84,38315322,273547275,290
Trinity College,1,37,2,2,2,29,52,13,59,9,5,4,2217,84,82,160887776,850725222,608.98
Trinity University,1,37,2,2,2,26,54,5,52,25,4,8,2504,84,88,152002623,1843412847,859.34
Union College,1,44,2,2,2,44,45,10,65,9,4,7,2080,80,77,127191247,567467656,759
University of Mary Washington,0,131,1,3,2,80,64,2,59,13,9,4,3171,66,41,86041985,89033173,733.34
University of Minnesota-Morris,1,115,1,2,2,75,54,4,51,8,3,1,982,63,88,40136087,26431352,306.67
University of New Hampshire at Manchester,0,135,1,2,2,81,47,1,75,8,3,4,452,50,-134,20181791,2191486,113.18
University of North Carolina Asheville,1,135,1,2,2,92,59,2,74,9,5,2,2708,54,46,78814457,75642604,643.67
University of Puget Sound,1,96,2,2,2,72,57,1,67,11,3,6,1653,68,88,90752000,471468000,563.65
University of Richmond,0,22,2,3,2,22,55,11,61,10,6,6,3338,85,90,315233000,3245089000,1839
Ursinus College,1,84,2,2,2,92,48,0,75,7,8,3,1493,73,76,66741772,167639430,380.33
Vassar College,1,13,2,2,2,19,63,7,55,12,4,11,2581,91,82,204376274,1300989120,1132
Virginia Military Institute,1,65,1,2,2,71,13,2,72,9,7,5,1589,76,87,75998899,787531041,644.66
Wabash College,1,50,2,2,2,63,0,5,73,12,4,2,852,77,93,53373471,428982792,298.34
Wartburg College,1,156,2,2,2,76,48,6,80,4,4,1,1418,64,66,43822164,100364486,371.66
Washington & Jefferson College,0,84,2,2,2,81,47,2,76,6,7,2,1180,70,84,45352447,170899484,331.33
Washington and Lee University,1,21,2,2,2,14,51,7,69,8,4,4,1891,94,88,181356000,2043225000,1046.32
Washington College,0,92,2,2,2,57,56,4,65,9,9,3,903,65,85,68746419,362301915,439
Wellesley College,0,7,2,2,2,14,98,14,30,15,8,23,2363,92,85,249301000,2991224000,1068.67
Wesleyan University,1,13,2,2,2,16,55,8,47,17,10,8,3188,93,78,214664000,1583306000,1097.65
Westminster College,0,164,2,2,2,79,44,2,80,5,7,0,598,55,84,25158224,80711423,188.65
Westminster College,1,121,2,2,2,93,51,0,70,4,5,1,1074,65,85,33615192,140925746,271.33
Westmont College,0,115,2,2,2,77,62,2,51,23,2,6,1345,70,77,61560677,92162206,353.66
Wheaton College,1,50,2,2,2,87,55,4,67,8,3,10,2065,85,84,127494000,610123000,748.66
Wheaton College (Massachusetts),1,76,2,2,2,68,65,4,70,7,6,4,1774,73,78,74517002,272797345,458.99
Whitman College,1,58,2,2,2,38,57,14,57,12,3,6,1558,81,86,92075678,785977679,506
Whittier College,0,92,2,2,2,81,59,13,23,48,4,5,822,60,83,52745179,139279793,303.66
Willamette University,0,76,2,2,2,77,61,3,63,14,2,4,1614,71,71,82355200,313019000,615.33
Williams College,1,1,2,2,2,8,52,9,48,13,5,14,2218,94,81,249534227,3530439948,1182.33
Wittenberg University,0,164,2,2,2,72,50,1,72,5,11,1,1273,53,73,50000083,96621956,282
Wofford College,1,67,2,2,2,52,53,2,80,5,7,2,1872,84,83,75856025,465415514,478.34
